id,first_name,last_name,email,grade,gender
1,Job,Garriock,jgarriock0@constantcontact.com,3,Male
2,Pennie,Haw,phaw1@booking.com,4,Male
3,Maximilianus,Allberry,mallberry2@ezinearticles.com,1,Male
4,Christoper,Mc Ilwrick,cmcilwrick3@newyorker.com,1,Male
5,Vasily,Lodwick,vlodwick4@fda.gov,1,Male
6,Miguela,Grandisson,mgrandisson5@pen.io,2,Female
7,Nickie,Dominey,ndominey6@bloomberg.com,4,Female
8,Renate,Whybray,rwhybray7@cloudflare.com,2,Female
9,Salmon,Bacchus,sbacchus8@upenn.edu,2,Male
10,Jeannie,Stearn,jstearn9@fastcompany.com,2,Female
11,Prince,Waterworth,pwaterwortha@microsoft.com,4,Male
12,Jessie,Leverich,jleverichb@networkadvertising.org,3,Male
13,Jacques,Peppard,jpeppardc@xrea.com,1,Male
14,Melisa,Dugall,mdugalld@prnewswire.com,4,Female
15,Gage,Guyonneau,gguyonneaue@arizona.edu,2,Male
16,Hernando,Livings,hlivingsf@drupal.org,3,Male
17,Silas,Le Claire,sleclaireg@phpbb.com,4,Male
18,Jeanelle,Kubiczek,jkubiczekh@etsy.com,3,Female
19,Erick,Arnli,earnlii@ftc.gov,1,Male
20,Marcelo,Pattullo,mpattulloj@mayoclinic.com,4,Male
21,Felipa,Vasiltsov,fvasiltsovk@dot.gov,1,Female
22,Quill,Orrow,qorrowl@netlog.com,3,Male
23,Leupold,Treacher,ltreacherm@dailymail.co.uk,3,Male
24,Cicely,Arkwright,carkwrightn@un.org,1,Female
25,Phillipp,Sauter,psautero@ed.gov,4,Male
26,Beverly,Conen,bconenp@auda.org.au,1,Bigender
27,Lenna,Biaggioli,lbiaggioliq@loc.gov,1,Polygender
28,Cullan,Pechold,cpecholdr@nps.gov,1,Male
29,Margarette,Stellin,mstellins@wisc.edu,2,Female
30,Byron,Marrill,bmarrillt@seesaa.net,2,Male
31,Addie,Thornally,athornallyu@list-manage.com,4,Female
32,Adolph,Rubbert,arubbertv@icio.us,4,Male
33,Antons,Hickinbottom,ahickinbottomw@w3.org,4,Non-binary
34,Gilberte,Kruger,gkrugerx@goodreads.com,2,Female
35,Cynde,de Bullion,cdebulliony@admin.ch,2,Female
36,Jessie,Dumbellow,jdumbellowz@marketwatch.com,3,Male
37,Shelba,Samples,ssamples10@google.cn,4,Female
38,Aurilia,Zaniolo,azaniolo11@nature.com,2,Female
39,Kalie,Aleksankov,kaleksankov12@multiply.com,1,Female
40,Antonina,Goodbur,agoodbur13@icio.us,4,Female
41,Patience,Deetch,pdeetch14@i2i.jp,3,Female
42,Idaline,Ranyelld,iranyelld15@sogou.com,1,Female
43,Norbert,Heavens,nheavens16@ow.ly,3,Male
44,Giselle,Joannic,gjoannic17@trellian.com,2,Genderfluid
45,Renaud,Freezor,rfreezor18@scribd.com,2,Male
46,Alaine,Gogay,agogay19@spiegel.de,1,Female
47,Pail,Falshaw,pfalshaw1a@huffingtonpost.com,2,Male
48,Archaimbaud,Getcliffe,agetcliffe1b@comsenz.com,1,Male
49,Lissie,Melrose,lmelrose1c@edublogs.org,4,Bigender
50,Merl,Ramstead,mramstead1d@google.co.uk,2,Female
51,Noe,Leyburn,nleyburn1e@geocities.com,1,Male
52,Benn,Healings,bhealings1f@mit.edu,4,Male
53,Tessy,Onn,tonn1g@illinois.edu,2,Female
54,Clemence,Lanmeid,clanmeid1h@dropbox.com,3,Female
55,Lenora,Defries,ldefries1i@mysql.com,3,Female
56,Otha,Lamming,olamming1j@macromedia.com,2,Female
57,Marisa,Britian,mbritian1k@arizona.edu,3,Female
58,Lulu,Cater,lcater1l@admin.ch,3,Female
59,Hyacinthie,Izak,hizak1m@intel.com,1,Female
60,Noam,Snaden,nsnaden1n@si.edu,1,Male
61,Bette-ann,Sollner,bsollner1o@sphinn.com,4,Female
62,Raymund,Sacher,rsacher1p@tinyurl.com,1,Male
63,Lynn,Ware,lware1q@scientificamerican.com,4,Male
64,Connie,Stobbes,cstobbes1r@pagesperso-orange.fr,3,Male
65,Kevan,Petrakov,kpetrakov1s@irs.gov,2,Polygender
66,Luelle,Raden,lraden1t@yellowpages.com,2,Female
67,Saxon,Dmych,sdmych1u@studiopress.com,2,Polygender
68,Pearl,Widmore,pwidmore1v@telegraph.co.uk,3,Female
69,Smitty,Brodest,sbrodest1w@accuweather.com,3,Male
70,Juieta,Blackden,jblackden1x@noaa.gov,4,Female
71,Deina,Lathleiffure,dlathleiffure1y@bigcartel.com,3,Female
72,Nerti,Mingey,nmingey1z@loc.gov,4,Female
73,Grove,Lafayette,glafayette20@cocolog-nifty.com,2,Male
74,Vallie,Edgler,vedgler21@hatena.ne.jp,4,Female
75,Angelica,Trethowan,atrethowan22@virginia.edu,1,Female
76,Von,Seaborn,vseaborn23@cnet.com,2,Male
77,Delcine,Tomasutti,dtomasutti24@bbb.org,4,Female
78,Maison,Connick,mconnick25@usatoday.com,1,Male
79,Kiah,Andreini,kandreini26@dyndns.org,4,Female
80,Odilia,Wherry,owherry27@senate.gov,3,Female
81,Marion,Hazel,mhazel28@yale.edu,3,Female
82,Dodie,Bricham,dbricham29@comcast.net,3,Female
83,Goddart,Mustoo,gmustoo2a@cargocollective.com,3,Male
84,Kesley,Davall,kdavall2b@liveinternet.ru,1,Genderfluid
85,Cale,Skeemer,cskeemer2c@shop-pro.jp,3,Male
86,Gaby,Russon,grusson2d@elegantthemes.com,4,Male
87,Jeremias,Conklin,jconklin2e@google.ru,4,Male
88,Stefano,Cuniam,scuniam2f@cpanel.net,1,Male
89,Zedekiah,Giacomoni,zgiacomoni2g@skyrock.com,2,Male
90,Parke,Hince,phince2h@delicious.com,4,Male
91,Babb,Gilderoy,bgilderoy2i@seesaa.net,1,Female
92,Rebe,Ottewill,rottewill2j@wikispaces.com,3,Female
93,Neala,Di Antonio,ndiantonio2k@wsj.com,3,Female
94,Shanon,Alger,salger2l@opera.com,1,Female
95,Felice,Purvess,fpurvess2m@studiopress.com,1,Male
96,Maximilian,Muehle,mmuehle2n@geocities.jp,1,Genderfluid
97,Ferd,Savary,fsavary2o@webnode.com,4,Male
98,Vernon,Tarply,vtarply2p@chicagotribune.com,3,Male
99,Igor,O'Collopy,iocollopy2q@so-net.ne.jp,2,Male
100,Obidiah,Dachs,odachs2r@va.gov,2,Male
